Date,Open,High,Low,Close,Adj Close,Volume,Symbol
2024-11-01,220.97000122070312,225.35000610351562,220.27000427246094,222.91000366210938,222.4204864501953,65276700,AAPL
2024-11-04,220.99000549316406,222.7899932861328,219.7100067138672,222.00999450683594,221.52244567871094,44944500,AAPL
2024-11-05,221.8000030517578,223.9499969482422,221.13999938964844,223.4499969482422,222.95928955078125,28111300,AAPL
2024-11-06,222.61000061035156,226.07000732421875,221.19000244140625,222.72000122070312,222.23089599609375,54561100,AAPL
2024-11-07,224.6300048828125,227.8800048828125,224.57000732421875,227.47999572753906,226.98043823242188,42137700,AAPL
2024-11-08,227.1699981689453,228.66000366210938,226.41000366210938,226.9600067138672,226.7107391357422,38328800,AAPL
2024-11-11,225.0,225.6999969482422,221.5,224.22999572753906,223.98373413085938,42005600,AAPL
2024-11-12,224.5500030517578,225.58999633789062,223.36000061035156,224.22999572753906,223.98373413085938,40398300,AAPL
2024-11-13,224.00999450683594,226.64999389648438,222.75999450683594,225.1199951171875,224.8727569580078,48566200,AAPL
2024-11-14,225.02000427246094,228.8699951171875,225.0,228.22000122070312,227.9693603515625,44923900,AAPL
2024-11-15,226.39999389648438,226.9199981689453,224.27000427246094,225.0,224.7528839111328,47923700,AAPL
2024-11-18,225.25,229.74000549316406,225.1699981689453,228.02000427246094,227.7695770263672,44686000,AAPL
2024-11-19,226.97999572753906,230.16000366210938,226.66000366210938,228.27999877929688,228.02928161621094,36211800,AAPL
2024-11-20,228.05999755859375,229.92999267578125,225.88999938964844,229.0,228.7484893798828,35169600,AAPL
2024-11-21,228.8800048828125,230.16000366210938,225.7100067138672,228.52000427246094,228.26902770996094,42108300,AAPL
2024-11-22,228.05999755859375,230.72000122070312,228.05999755859375,229.8699951171875,229.61753845214844,38168300,AAPL
2024-11-25,231.4600067138672,233.25,229.74000549316406,232.8699951171875,232.61424255371094,90152800,AAPL
2024-11-26,233.3300018310547,235.57000732421875,233.3300018310547,235.05999755859375,234.8018341064453,45986200,AAPL
2024-11-27,234.47000122070312,235.69000244140625,233.80999755859375,234.92999267578125,234.67198181152344,33498400,AAPL
2024-11-29,234.80999755859375,237.80999755859375,233.97000122070312,237.3300018310547,237.06935119628906,28481400,AAPL
2024-12-02,237.27000427246094,240.7899932861328,237.16000366210938,239.58999633789062,239.3268585205078,48137100,AAPL
2024-12-03,239.80999755859375,242.75999450683594,238.89999389648438,242.64999389648438,242.3834991455078,38861000,AAPL
2024-12-04,242.8699951171875,244.11000061035156,241.25,243.00999450683594,242.74310302734375,44383900,AAPL
2024-12-05,243.99000549316406,244.5399932861328,242.1300048828125,243.0399932861328,242.7730712890625,40033900,AAPL
2024-12-06,242.91000366210938,244.6300048828125,242.0800018310547,242.83999633789062,242.5732879638672,36870600,AAPL
2024-12-09,241.8300018310547,247.24000549316406,241.75,246.75,246.47900390625,44649200,AAPL
2024-12-10,246.88999938964844,248.2100067138672,245.33999633789062,247.77000427246094,247.4978790283203,36914800,AAPL
2024-12-11,247.9600067138672,250.8000030517578,246.25999450683594,246.49000549316406,246.2192840576172,45205800,AAPL
2024-12-12,246.88999938964844,248.74000549316406,245.67999267578125,247.9600067138672,247.68768310546875,32777500,AAPL
2024-12-13,247.82000732421875,249.2899932861328,246.24000549316406,248.1300048828125,247.85748291015625,33155300,AAPL
2024-12-16,247.99000549316406,251.3800048828125,247.64999389648438,251.0399932861328,250.7642822265625,51694800,AAPL
2024-12-17,250.0800018310547,253.8300018310547,249.77999877929688,253.47999572753906,253.20159912109375,51356400,AAPL
2024-12-18,252.16000366210938,254.27999877929688,247.74000549316406,248.0500030517578,247.77757263183594,56774100,AAPL
2024-12-19,247.5,252.0,247.08999633789062,249.7899932861328,249.51565551757812,60882300,AAPL
2024-12-20,248.0399932861328,255.0,245.69000244140625,254.49000549316406,254.21051025390625,147495300,AAPL
2024-12-23,254.77000427246094,255.64999389648438,253.4499969482422,255.27000427246094,254.98965454101562,40858800,AAPL
2024-12-24,255.49000549316406,258.2099914550781,255.2899932861328,258.20001220703125,257.91644287109375,23234700,AAPL
2024-12-26,258.19000244140625,260.1000061035156,257.6300048828125,259.0199890136719,258.7355041503906,27237100,AAPL
2024-12-27,257.8299865722656,258.70001220703125,253.05999755859375,255.58999633789062,255.30929565429688,42355300,AAPL
2024-12-30,252.22999572753906,253.5,250.75,252.1999969482422,251.9230194091797,35557500,AAPL
2024-12-31,252.44000244140625,253.27999877929688,249.42999267578125,250.4199981689453,250.1449737548828,39480700,AAPL
2025-01-02,248.92999267578125,249.10000610351562,241.82000732421875,243.85000610351562,243.5821990966797,55740700,AAPL
2025-01-03,243.36000061035156,244.17999267578125,241.88999938964844,243.36000061035156,243.0927276611328,40244100,AAPL
2025-01-06,244.30999755859375,247.3300018310547,243.1999969482422,245.0,244.73092651367188,45045600,AAPL
2025-01-07,242.97999572753906,245.5500030517578,241.35000610351562,242.2100067138672,241.94400024414062,40856000,AAPL
2025-01-08,241.9199981689453,243.7100067138672,240.0500030517578,242.6999969482422,242.43344116210938,37628900,AAPL
2025-01-10,240.00999450683594,240.16000366210938,233.0,236.85000610351562,236.58987426757812,61710900,AAPL
2025-01-13,233.52999877929688,234.6699981689453,229.72000122070312,234.39999389648438,234.14256286621094,49630700,AAPL
2025-01-14,234.75,236.1199951171875,232.47000122070312,233.27999877929688,233.02378845214844,39435300,AAPL
2025-01-15,234.63999938964844,238.9600067138672,234.42999267578125,237.8699951171875,237.60874938964844,39832000,AAPL
2025-01-16,237.35000610351562,238.00999450683594,228.02999877929688,228.25999450683594,228.00930786132812,71759100,AAPL
2025-01-17,232.1199951171875,232.2899932861328,228.47999572753906,229.97999572753906,229.7274169921875,68488300,AAPL
2025-01-21,224.0,224.4199981689453,219.3800048828125,222.63999938964844,222.39547729492188,98070400,AAPL
2025-01-22,219.7899932861328,224.1199951171875,219.7899932861328,223.8300018310547,223.58416748046875,64126500,AAPL
2025-01-23,224.74000549316406,227.02999877929688,222.3000030517578,223.66000366210938,223.41436767578125,60234800,AAPL
2025-01-24,224.77999877929688,225.6300048828125,221.41000366210938,222.77999877929688,222.5353240966797,54697900,AAPL
2025-01-27,224.02000427246094,232.14999389648438,223.97999572753906,229.86000061035156,229.6075439453125,94863400,AAPL
2025-01-28,230.85000610351562,240.19000244140625,230.80999755859375,238.25999450683594,237.99832153320312,75707600,AAPL
2025-01-29,234.1199951171875,239.86000061035156,234.00999450683594,239.36000061035156,239.0971221923828,45486100,AAPL
2025-01-30,238.6699981689453,240.7899932861328,237.2100067138672,237.58999633789062,237.3290557861328,55658300,AAPL
2025-01-31,247.19000244140625,247.19000244140625,233.44000244140625,236.0,235.74081420898438,101075100,AAPL
2025-02-03,229.99000549316406,231.8300018310547,225.6999969482422,228.00999450683594,227.75958251953125,73063300,AAPL
2025-02-04,227.25,233.1300048828125,226.64999389648438,232.8000030517578,232.54432678222656,45067300,AAPL
2025-02-05,228.52999877929688,232.6699981689453,228.27000427246094,232.47000122070312,232.21469116210938,39620300,AAPL
2025-02-06,231.2899932861328,233.8000030517578,230.42999267578125,233.22000122070312,232.9638671875,29925300,AAPL
2025-02-07,232.60000610351562,234.0,227.25999450683594,227.6300048828125,227.3800048828125,39707200,AAPL
2025-02-10,229.57000732421875,230.58999633789062,227.1999969482422,227.64999389648438,227.64999389648438,33115600,AAPL
2025-02-11,228.1999969482422,235.22999572753906,228.1300048828125,232.6199951171875,232.6199951171875,53718400,AAPL
2025-02-12,231.1999969482422,236.9600067138672,230.67999267578125,236.8699951171875,236.8699951171875,45243300,AAPL
2025-02-13,236.91000366210938,242.33999633789062,235.57000732421875,241.52999877929688,241.52999877929688,53614100,AAPL
2025-02-14,241.25,245.5500030517578,240.99000549316406,244.60000610351562,244.60000610351562,40896200,AAPL
2025-02-18,244.14999389648438,245.17999267578125,241.83999633789062,244.47000122070312,244.47000122070312,48822500,AAPL
2025-02-19,244.66000366210938,246.00999450683594,243.16000366210938,244.8699951171875,244.8699951171875,32204200,AAPL
2025-02-20,244.94000244140625,246.77999877929688,244.2899932861328,245.8300018310547,245.8300018310547,32316900,AAPL
2025-02-21,245.9499969482422,248.69000244140625,245.22000122070312,245.5500030517578,245.5500030517578,53197400,AAPL
2025-02-24,244.92999267578125,248.86000061035156,244.4199981689453,247.10000610351562,247.10000610351562,51326400,AAPL
2025-02-25,248.0,250.0,244.91000366210938,247.0399932861328,247.0399932861328,48013300,AAPL
2025-02-26,244.3300018310547,244.97999572753906,239.1300048828125,240.36000061035156,240.36000061035156,44433600,AAPL
2025-02-27,239.41000366210938,242.4600067138672,237.05999755859375,237.3000030517578,237.3000030517578,41153600,AAPL
2025-02-28,236.9499969482422,242.08999633789062,230.1999969482422,241.83999633789062,241.83999633789062,56833400,AAPL
2025-03-03,241.7899932861328,244.02999877929688,236.11000061035156,238.02999877929688,238.02999877929688,47184000,AAPL
2025-03-04,237.7100067138672,240.07000732421875,234.67999267578125,235.92999267578125,235.92999267578125,53798100,AAPL
2025-03-05,235.4199981689453,236.5500030517578,229.22999572753906,235.74000549316406,235.74000549316406,47227600,AAPL
2025-03-06,234.44000244140625,237.86000061035156,233.16000366210938,235.3300018310547,235.3300018310547,45170400,AAPL
2025-03-07,235.11000061035156,241.3699951171875,234.75999450683594,239.07000732421875,239.07000732421875,46273600,AAPL
2025-03-10,235.5399932861328,236.16000366210938,224.22000122070312,227.47999572753906,227.47999572753906,72071200,AAPL
2025-03-11,223.80999755859375,225.83999633789062,217.4499969482422,220.83999633789062,220.83999633789062,76137400,AAPL
2025-03-12,220.13999938964844,221.75,214.91000366210938,216.97999572753906,216.97999572753906,62547500,AAPL
2025-03-13,215.9499969482422,216.83999633789062,208.4199981689453,209.67999267578125,209.67999267578125,61368300,AAPL
2025-03-14,211.25,213.9499969482422,209.5800018310547,213.49000549316406,213.49000549316406,60107600,AAPL
2025-03-17,213.30999755859375,215.22000122070312,209.97000122070312,214.0,214.0,48073400,AAPL
2025-03-18,214.16000366210938,215.14999389648438,211.49000549316406,212.69000244140625,212.69000244140625,42432400,AAPL
2025-03-19,214.22000122070312,218.75999450683594,213.75,215.24000549316406,215.24000549316406,54385400,AAPL
2025-03-20,213.99000549316406,217.49000549316406,212.22000122070312,214.10000610351562,214.10000610351562,48862900,AAPL
2025-03-21,211.55999755859375,218.83999633789062,211.27999877929688,218.27000427246094,218.27000427246094,94127800,AAPL
2025-03-24,221.0,221.47999572753906,218.5800018310547,220.72999572753906,220.72999572753906,44299500,AAPL
2025-03-25,220.77000427246094,224.10000610351562,220.0800018310547,223.75,223.75,34493600,AAPL
2025-03-26,223.50999450683594,225.02000427246094,220.47000122070312,221.52999877929688,221.52999877929688,34466100,AAPL
2025-03-27,221.38999938964844,224.99000549316406,220.55999755859375,223.85000610351562,223.85000610351562,37094800,AAPL
2025-03-28,221.6699981689453,223.80999755859375,217.67999267578125,217.89999389648438,217.89999389648438,39818600,AAPL
2025-03-31,217.00999450683594,225.6199951171875,216.22999572753906,222.1300048828125,222.1300048828125,65299300,AAPL
2025-04-01,219.80999755859375,223.67999267578125,218.89999389648438,223.19000244140625,223.19000244140625,36412700,AAPL
2025-04-02,221.32000732421875,225.19000244140625,221.02000427246094,223.88999938964844,223.88999938964844,35905900,AAPL
2025-04-03,205.5399932861328,207.49000549316406,201.25,203.19000244140625,203.19000244140625,103419000,AAPL
2025-04-04,193.88999938964844,199.8800048828125,187.33999633789062,188.3800048828125,188.3800048828125,125910900,AAPL
2025-04-07,177.1999969482422,194.14999389648438,174.6199951171875,181.4600067138672,181.4600067138672,160466300,AAPL
2025-04-08,186.6999969482422,190.33999633789062,169.2100067138672,172.4199981689453,172.4199981689453,120859500,AAPL
2025-04-09,171.9499969482422,200.61000061035156,171.88999938964844,198.85000610351562,198.85000610351562,184395900,AAPL
2025-04-10,189.07000732421875,194.77999877929688,183.0,190.4199981689453,190.4199981689453,121880000,AAPL
2025-04-11,186.10000610351562,199.5399932861328,186.05999755859375,198.14999389648438,198.14999389648438,87435900,AAPL
2025-04-14,211.44000244140625,212.94000244140625,201.16000366210938,202.52000427246094,202.52000427246094,101352900,AAPL
2025-04-15,201.86000061035156,203.50999450683594,199.8000030517578,202.13999938964844,202.13999938964844,51343900,AAPL
2025-04-16,198.36000061035156,200.6999969482422,192.3699951171875,194.27000427246094,194.27000427246094,59732400,AAPL
2025-04-17,197.1999969482422,198.8300018310547,194.4199981689453,196.97999572753906,196.97999572753906,51334300,AAPL
2025-04-21,193.27000427246094,193.8000030517578,189.80999755859375,193.16000366210938,193.16000366210938,46742500,AAPL
2025-04-22,196.1199951171875,201.58999633789062,195.97000122070312,199.74000549316406,199.74000549316406,52976400,AAPL
2025-04-23,206.0,208.0,202.8000030517578,204.60000610351562,204.60000610351562,52929200,AAPL
2025-04-24,204.88999938964844,208.8300018310547,202.94000244140625,208.3699951171875,208.3699951171875,47311000,AAPL
2024-11-01,22.399999618530273,23.049999237060547,22.079999923706055,22.40999984741211,22.40999984741211,4744500,GME
2024-11-04,22.200000762939453,22.649999618530273,21.8799991607666,22.329999923706055,22.329999923706055,4300200,GME
2024-11-05,22.31999969482422,23.200000762939453,22.270000457763672,22.989999771118164,22.989999771118164,5858400,GME
2024-11-06,23.309999465942383,23.81999969482422,22.899999618530273,23.100000381469727,23.100000381469727,6648000,GME
2024-11-07,23.06999969482422,23.65999984741211,22.809999465942383,23.450000762939453,23.450000762939453,5554400,GME
2024-11-08,23.440000534057617,25.389999389648438,23.239999771118164,24.8799991607666,24.8799991607666,15908600,GME
2024-11-11,25.260000228881836,28.049999237060547,24.6299991607666,27.260000228881836,27.260000228881836,26633000,GME
2024-11-12,26.059999465942383,27.100000381469727,24.950000762939453,26.84000015258789,26.84000015258789,18972700,GME
2024-11-13,26.260000228881836,28.219999313354492,26.219999313354492,26.459999084472656,26.459999084472656,18490300,GME
2024-11-14,27.170000076293945,28.280000686645508,26.719999313354492,27.3700008392334,27.3700008392334,16502000,GME
2024-11-15,28.079999923706055,28.59000015258789,26.31999969482422,26.59000015258789,26.59000015258789,16451800,GME
2024-11-18,26.649999618530273,27.15999984741211,25.850000381469727,26.440000534057617,26.440000534057617,8541600,GME
2024-11-19,25.889999389648438,27.600000381469727,25.709999084472656,27.56999969482422,27.56999969482422,8698600,GME
2024-11-20,27.260000228881836,29.799999237060547,27.260000228881836,28.450000762939453,28.450000762939453,22089700,GME
2024-11-21,29.09000015258789,29.170000076293945,27.18000030517578,27.81999969482422,27.81999969482422,10587200,GME
2024-11-22,27.8799991607666,28.459999084472656,27.420000076293945,27.899999618530273,27.899999618530273,7975700,GME
2024-11-25,28.049999237060547,29.770000457763672,27.959999084472656,29.670000076293945,29.670000076293945,13090400,GME
2024-11-26,29.399999618530273,32.119998931884766,28.780000686645508,30.329999923706055,30.329999923706055,24657300,GME
2024-11-27,30.799999237060547,31.549999237060547,30.510000228881836,30.889999389648438,30.889999389648438,12895100,GME
2024-11-29,31.010000228881836,31.079999923706055,28.850000381469727,29.049999237060547,29.049999237060547,10473700,GME
2024-12-02,28.959999084472656,29.3700008392334,26.75,27.270000457763672,27.270000457763672,13576600,GME
2024-12-03,26.549999237060547,27.59000015258789,26.489999771118164,27.440000534057617,27.440000534057617,6009900,GME
2024-12-04,27.06999969482422,27.829999923706055,26.6299991607666,27.030000686645508,27.030000686645508,6387500,GME
2024-12-05,27.0,30.8700008392334,26.149999618530273,28.6299991607666,28.6299991607666,40704900,GME
2024-12-06,29.1200008392334,29.350000381469727,28.110000610351562,29.059999465942383,29.059999465942383,15161400,GME
2024-12-09,29.0,29.860000610351562,27.739999771118164,27.93000030517578,27.93000030517578,11495400,GME
2024-12-10,27.8799991607666,28.389999389648438,26.850000381469727,26.93000030517578,26.93000030517578,18209400,GME
2024-12-11,27.75,30.15999984741211,27.510000228881836,28.969999313354492,28.969999313354492,20485000,GME
2024-12-12,28.899999618530273,29.65999984741211,28.579999923706055,28.75,28.75,8855700,GME
2024-12-13,28.700000762939453,28.860000610351562,27.920000076293945,27.989999771118164,27.989999771118164,6581600,GME
2024-12-16,27.700000762939453,29.59000015258789,27.270000457763672,29.440000534057617,29.440000534057617,8700000,GME
2024-12-17,29.639999389648438,31.8799991607666,29.639999389648438,31.260000228881836,31.260000228881836,19948100,GME
2024-12-18,31.100000381469727,31.700000762939453,28.34000015258789,28.549999237060547,28.549999237060547,13947300,GME
2024-12-19,29.15999984741211,30.600000381469727,28.81999969482422,29.0,29.0,10338200,GME
2024-12-20,28.540000915527344,30.520000457763672,28.309999465942383,29.81999969482422,29.81999969482422,19606700,GME
2024-12-23,29.81999969482422,31.110000610351562,29.780000686645508,30.899999618530273,30.899999618530273,8226500,GME
2024-12-24,31.0,31.59000015258789,30.579999923706055,31.139999389648438,31.139999389648438,5523500,GME
2024-12-26,32.619998931884766,34.369998931884766,31.600000381469727,32.9900016784668,32.9900016784668,20432900,GME
2024-12-27,32.38999938964844,33.04999923706055,30.729999542236328,32.20000076293945,32.20000076293945,10141700,GME
2024-12-30,31.799999237060547,32.880001068115234,31.610000610351562,32.0099983215332,32.0099983215332,9593100,GME
2024-12-31,32.060001373291016,32.439998626708984,31.100000381469727,31.34000015258789,31.34000015258789,7395300,GME
2025-01-02,31.84000015258789,32.04999923706055,30.3700008392334,30.65999984741211,30.65999984741211,7979700,GME
2025-01-03,30.799999237060547,32.13999938964844,30.56999969482422,31.649999618530273,31.649999618530273,7461800,GME
2025-01-06,31.700000762939453,33.4900016784668,30.760000228881836,32.81999969482422,32.81999969482422,12609400,GME
2025-01-07,32.79999923706055,34.400001525878906,31.709999084472656,33.369998931884766,33.369998931884766,13360700,GME
2025-01-08,32.970001220703125,33.369998931884766,32.40999984741211,32.959999084472656,32.959999084472656,6320000,GME
2025-01-10,32.5,32.939998626708984,31.399999618530273,32.310001373291016,32.310001373291016,7068200,GME
2025-01-13,31.600000381469727,31.799999237060547,30.899999618530273,31.020000457763672,31.020000457763672,5567000,GME
2025-01-14,31.260000228881836,31.68000030517578,27.559999465942383,27.8799991607666,27.8799991607666,11796600,GME
2025-01-15,28.899999618530273,29.329999923706055,27.84000015258789,27.959999084472656,27.959999084472656,6025400,GME
2025-01-16,27.940000534057617,28.139999389648438,27.40999984741211,27.719999313354492,27.719999313354492,4432000,GME
2025-01-17,27.610000610351562,28.790000915527344,27.020000457763672,27.510000228881836,27.510000228881836,8977500,GME
2025-01-21,27.399999618530273,27.56999969482422,26.329999923706055,27.469999313354492,27.469999313354492,5867800,GME
2025-01-22,27.360000610351562,28.020000457763672,27.299999237060547,27.649999618530273,27.649999618530273,5025400,GME
2025-01-23,27.8799991607666,29.260000228881836,27.68000030517578,28.329999923706055,28.329999923706055,8828200,GME
2025-01-24,28.299999237060547,28.670000076293945,27.6200008392334,27.770000457763672,27.770000457763672,4511600,GME
2025-01-27,26.920000076293945,27.68000030517578,26.799999237060547,26.969999313354492,26.969999313354492,5060300,GME
2025-01-28,27.0,27.59000015258789,26.649999618530273,27.459999084472656,27.459999084472656,3169900,GME
2025-01-29,27.40999984741211,27.739999771118164,27.059999465942383,27.510000228881836,27.510000228881836,3220400,GME
2025-01-30,27.84000015258789,28.229999542236328,27.709999084472656,27.989999771118164,27.989999771118164,3343900,GME
2025-01-31,27.790000915527344,28.18000030517578,26.899999618530273,26.899999618530273,26.899999618530273,4544000,GME
2025-02-03,25.56999969482422,26.540000915527344,25.5,25.889999389648438,25.889999389648438,5740500,GME
2025-02-04,25.850000381469727,26.25,25.799999237060547,25.899999618530273,25.899999618530273,3353700,GME
2025-02-05,25.700000762939453,25.809999465942383,24.899999618530273,24.93000030517578,24.93000030517578,4580200,GME
2025-02-06,24.93000030517578,25.389999389648438,24.530000686645508,24.799999237060547,24.799999237060547,4349500,GME
2025-02-07,24.899999618530273,25.020000457763672,24.600000381469727,24.729999542236328,24.729999542236328,3403300,GME
2025-02-10,25.5,27.270000457763672,25.299999237060547,27.1200008392334,27.1200008392334,9694700,GME
2025-02-11,26.850000381469727,27.760000228881836,26.469999313354492,26.559999465942383,26.559999465942383,7042700,GME
2025-02-12,26.1200008392334,26.399999618530273,25.600000381469727,25.989999771118164,25.989999771118164,3999200,GME
2025-02-13,25.75,26.399999618530273,25.75,26.34000015258789,26.34000015258789,8255300,GME
2025-02-14,28.899999618530273,28.969999313354492,26.899999618530273,27.0,27.0,12142600,GME
2025-02-18,27.030000686645508,27.59000015258789,26.65999984741211,26.969999313354492,26.969999313354492,5337800,GME
2025-02-19,26.799999237060547,26.959999084472656,25.920000076293945,26.0,26.0,4382100,GME
2025-02-20,25.799999237060547,27.450000762939453,25.760000228881836,27.040000915527344,27.040000915527344,7735200,GME
2025-02-21,27.25,27.579999923706055,26.15999984741211,26.420000076293945,26.420000076293945,6130900,GME
2025-02-24,26.34000015258789,26.389999389648438,24.950000762939453,25.0,25.0,5980000,GME
2025-02-25,24.93000030517578,25.290000915527344,23.829999923706055,24.420000076293945,24.420000076293945,6551500,GME
2025-02-26,24.540000915527344,25.209999084472656,24.450000762939453,24.610000610351562,24.610000610351562,3272500,GME
2025-02-27,25.0,25.3700008392334,24.139999389648438,24.479999542236328,24.479999542236328,4590000,GME
2025-02-28,24.329999923706055,25.100000381469727,24.200000762939453,25.040000915527344,25.040000915527344,4137100,GME
2025-03-03,25.260000228881836,25.479999542236328,24.18000030517578,24.399999618530273,24.399999618530273,4291000,GME
2025-03-04,23.770000457763672,24.860000610351562,23.440000534057617,24.299999237060547,24.299999237060547,5068700,GME
2025-03-05,24.329999923706055,25.15999984741211,24.110000610351562,25.06999969482422,25.06999969482422,3282500,GME
2025-03-06,24.739999771118164,25.010000228881836,24.049999237060547,24.200000762939453,24.200000762939453,3421400,GME
2025-03-07,24.0,24.350000381469727,23.520000457763672,24.0,24.0,3464000,GME
2025-03-10,23.440000534057617,23.579999923706055,22.260000228881836,22.420000076293945,22.420000076293945,6226900,GME
2025-03-11,22.350000381469727,22.979999542236328,22.079999923706055,22.610000610351562,22.610000610351562,4226900,GME
2025-03-12,22.950000762939453,23.239999771118164,21.889999389648438,21.989999771118164,21.989999771118164,3718200,GME
2025-03-13,22.049999237060547,22.25,21.559999465942383,21.950000762939453,21.950000762939453,3829800,GME
2025-03-14,22.290000915527344,23.149999618530273,22.290000915527344,23.049999237060547,23.049999237060547,3960500,GME
2025-03-17,23.239999771118164,23.729999542236328,22.969999313354492,23.5,23.5,2899100,GME
2025-03-18,23.290000915527344,23.6200008392334,23.139999389648438,23.299999237060547,23.299999237060547,2155800,GME
2025-03-19,23.399999618530273,23.989999771118164,23.260000228881836,23.709999084472656,23.709999084472656,3032300,GME
2025-03-20,23.649999618530273,24.1200008392334,23.510000228881836,23.510000228881836,23.510000228881836,1998200,GME
2025-03-21,23.75,24.809999465942383,23.649999618530273,24.75,24.75,6893900,GME
2025-03-24,25.350000381469727,25.829999923706055,25.149999618530273,25.610000610351562,25.610000610351562,5036000,GME
2025-03-25,25.700000762939453,25.770000457763672,24.989999771118164,25.399999618530273,25.399999618530273,10106800,GME
2025-03-26,28.84000015258789,29.799999237060547,27.31999969482422,28.360000610351562,28.360000610351562,52930500,GME
2025-03-27,25.8700008392334,26.280000686645508,21.15999984741211,22.09000015258789,22.09000015258789,96733100,GME
2025-03-28,21.889999389648438,22.790000915527344,21.700000762939453,21.729999542236328,21.729999542236328,44771700,GME
2025-03-31,21.399999618530273,22.6299991607666,20.729999542236328,22.31999969482422,22.31999969482422,16147900,GME
2025-04-01,22.760000228881836,23.25,21.950000762939453,22.610000610351562,22.610000610351562,14435300,GME
2025-04-02,22.489999771118164,23.020000457763672,22.25,22.690000534057617,22.690000534057617,10965100,GME
2025-04-03,21.600000381469727,21.780000686645508,21.079999923706055,21.100000381469727,21.100000381469727,11141900,GME
2025-04-04,21.420000076293945,23.850000381469727,20.780000686645508,23.489999771118164,23.489999771118164,20608200,GME
2025-04-07,22.600000381469727,25.020000457763672,22.399999618530273,24.290000915527344,24.290000915527344,17191900,GME
2025-04-08,24.81999969482422,24.93000030517578,22.969999313354492,23.389999389648438,23.389999389648438,12062300,GME
2025-04-09,23.030000686645508,25.459999084472656,23.030000686645508,25.399999618530273,25.399999618530273,17695900,GME
2025-04-10,25.0,26.200000762939453,24.40999984741211,25.020000457763672,25.020000457763672,11545400,GME
2025-04-11,25.5,26.440000534057617,25.25,26.399999618530273,26.399999618530273,10984100,GME
2025-04-14,26.65999984741211,27.18000030517578,25.68000030517578,26.979999542236328,26.979999542236328,10628400,GME
2025-04-15,26.8799991607666,27.3799991607666,26.6200008392334,26.700000762939453,26.700000762939453,6738100,GME
2025-04-16,26.450000762939453,26.65999984741211,25.719999313354492,26.25,26.25,6292800,GME
2025-04-17,26.209999084472656,27.190000534057617,26.170000076293945,26.780000686645508,26.780000686645508,7360800,GME
2025-04-21,26.709999084472656,27.040000915527344,25.790000915527344,26.770000457763672,26.770000457763672,7690000,GME
2025-04-22,26.989999771118164,27.940000534057617,26.8799991607666,27.799999237060547,27.799999237060547,11065900,GME
2025-04-23,28.200000762939453,28.25,26.959999084472656,27.1200008392334,27.1200008392334,8862700,GME
2025-04-24,27.100000381469727,27.579999923706055,26.84000015258789,27.079999923706055,27.079999923706055,6212100,GME
2024-11-01,170.07000732421875,172.32000732421875,168.8800048828125,171.2899932861328,170.89707946777344,31796500,GOOGL
2024-11-04,169.92999267578125,170.72999572753906,168.00999450683594,169.24000549316406,168.85179138183594,21492700,GOOGL
2024-11-05,169.42999267578125,170.52999877929688,168.83999633789062,169.74000549316406,169.3506622314453,18242100,GOOGL
2024-11-06,173.8000030517578,176.94000244140625,173.5,176.50999450683594,176.10511779785156,33695500,GOOGL
2024-11-07,177.41000366210938,181.0800018310547,177.19000244140625,180.75,180.3354034423828,25352900,GOOGL
2024-11-08,180.64999389648438,180.89999389648438,178.0800018310547,178.35000610351562,177.94090270996094,22006200,GOOGL
2024-11-11,178.5800018310547,180.5500030517578,178.47000122070312,180.35000610351562,179.9363250732422,17450400,GOOGL
2024-11-12,179.82000732421875,182.49000549316406,179.38999938964844,181.6199951171875,181.20338439941406,25134900,GOOGL
2024-11-13,180.4600067138672,180.9600067138672,178.5399932861328,178.8800048828125,178.46969604492188,23184000,GOOGL
2024-11-14,178.27999877929688,178.82000732421875,174.32000732421875,175.5800018310547,175.17724609375,31007500,GOOGL
2024-11-15,173.72999572753906,174.13999938964844,171.22000122070312,172.49000549316406,172.09434509277344,32504600,GOOGL
2024-11-18,173.4199981689453,175.44000244140625,172.89999389648438,175.3000030517578,174.89788818359375,20206600,GOOGL
2024-11-19,173.72000122070312,178.8699951171875,173.55999755859375,178.1199951171875,177.71142578125,23434900,GOOGL
2024-11-20,177.33999633789062,177.67999267578125,173.77999877929688,175.97999572753906,175.57632446289062,18997100,GOOGL
2024-11-21,173.89999389648438,174.1300048828125,163.6999969482422,167.6300048828125,167.24549865722656,59734400,GOOGL
2024-11-22,165.85000610351562,166.4600067138672,163.89999389648438,164.75999450683594,164.38206481933594,38604600,GOOGL
2024-11-25,166.08999633789062,168.6300048828125,165.61000061035156,167.64999389648438,167.2654266357422,33135300,GOOGL
2024-11-26,167.6300048828125,169.82000732421875,167.5800018310547,169.1199951171875,168.73207092285156,20486700,GOOGL
2024-11-27,169.0,169.47999572753906,168.02000427246094,169.22999572753906,168.84181213378906,19266500,GOOGL
2024-11-29,168.5,169.42999267578125,167.16000366210938,168.9499969482422,168.5624542236328,14257200,GOOGL
2024-12-02,168.77000427246094,172.0800018310547,168.57000732421875,171.49000549316406,171.0966339111328,23789100,GOOGL
2024-12-03,171.49000549316406,172.67999267578125,170.85000610351562,171.33999633789062,170.94696044921875,22248700,GOOGL
2024-12-04,171.14999389648438,174.91000366210938,171.05999755859375,174.3699951171875,173.9700164794922,31615100,GOOGL
2024-12-05,175.36000061035156,176.05999755859375,172.3300018310547,172.63999938964844,172.24398803710938,21356200,GOOGL
2024-12-06,172.02999877929688,175.0800018310547,171.86000061035156,174.7100067138672,174.30926513671875,21462400,GOOGL
2024-12-09,173.9600067138672,176.25999450683594,173.64999389648438,175.3699951171875,175.1682586669922,25389600,GOOGL
2024-12-10,182.85000610351562,186.36000061035156,181.0500030517578,185.1699981689453,184.9569854736328,54813000,GOOGL
2024-12-11,185.30999755859375,195.61000061035156,184.85000610351562,195.39999389648438,195.1752166748047,67894100,GOOGL
2024-12-12,195.0,195.17999267578125,191.7100067138672,191.9600067138672,191.7391815185547,34817500,GOOGL
2024-12-13,191.00999450683594,192.72999572753906,189.63999938964844,189.82000732421875,189.6016387939453,25143500,GOOGL
2024-12-16,192.8699951171875,199.0,192.6199951171875,196.66000366210938,196.43377685546875,44934900,GOOGL
2024-12-17,197.25,201.4199981689453,194.97999572753906,195.4199981689453,195.1951904296875,43504000,GOOGL
2024-12-18,195.22000122070312,197.0,187.74000549316406,188.39999389648438,188.18325805664062,34166100,GOOGL
2024-12-19,191.6300048828125,193.02999877929688,188.3800048828125,188.50999450683594,188.2931365966797,32265200,GOOGL
2024-12-20,185.77999877929688,192.88999938964844,185.22000122070312,191.41000366210938,191.18980407714844,63462900,GOOGL
2024-12-23,192.6199951171875,195.10000610351562,190.14999389648438,194.6300048828125,194.40611267089844,25675000,GOOGL
2024-12-24,194.83999633789062,196.11000061035156,193.77999877929688,196.11000061035156,195.8843994140625,10403300,GOOGL
2024-12-26,195.14999389648438,196.75,194.3800048828125,195.60000610351562,195.375,12046600,GOOGL
2024-12-27,194.9499969482422,195.32000732421875,190.64999389648438,192.75999450683594,192.5382537841797,18891400,GOOGL
2024-12-30,189.8000030517578,192.5500030517578,189.1199951171875,191.24000549316406,191.02000427246094,14264700,GOOGL
2024-12-31,191.0800018310547,191.9600067138672,188.50999450683594,189.3000030517578,189.08224487304688,17466900,GOOGL
2025-01-02,190.64999389648438,192.0,187.5,189.42999267578125,189.2120819091797,20370800,GOOGL
2025-01-03,191.3699951171875,193.2100067138672,189.97999572753906,191.7899932861328,191.56936645507812,18596200,GOOGL
2025-01-06,193.97999572753906,198.22000122070312,193.85000610351562,196.8699951171875,196.64352416992188,29563600,GOOGL
2025-01-07,197.11000061035156,201.0,194.60000610351562,195.49000549316406,195.26512145996094,26487200,GOOGL
2025-01-08,192.57000732421875,196.2899932861328,192.3800048828125,193.9499969482422,193.7268829345703,24864800,GOOGL
2025-01-10,194.3000030517578,196.52000427246094,190.30999755859375,192.0399932861328,191.81907653808594,26665200,GOOGL
2025-01-13,190.07000732421875,191.17999267578125,187.36000061035156,191.00999450683594,190.79026794433594,21823700,GOOGL
2025-01-14,191.24000549316406,191.97999572753906,188.30999755859375,189.66000366210938,189.4418182373047,17174900,GOOGL
2025-01-15,193.08999633789062,196.36000061035156,191.86000061035156,195.5500030517578,195.32504272460938,21776000,GOOGL
2025-01-16,194.13999938964844,195.47999572753906,192.80999755859375,192.91000366210938,192.68807983398438,17815400,GOOGL
2025-01-17,196.52999877929688,197.22999572753906,193.75,196.0,195.77452087402344,27735100,GOOGL
2025-01-21,199.07000732421875,202.2899932861328,197.8699951171875,198.0500030517578,197.82217407226562,29971300,GOOGL
2025-01-22,199.05999755859375,200.47999572753906,197.52999877929688,198.3699951171875,198.1417999267578,26200600,GOOGL
2025-01-23,198.13999938964844,200.3000030517578,195.1999969482422,197.97999572753906,197.7522430419922,26951400,GOOGL
2025-01-24,198.10000610351562,200.89999389648438,198.0,200.2100067138672,199.9796905517578,23877500,GOOGL
2025-01-27,192.41000366210938,196.8800048828125,190.72999572753906,191.80999755859375,191.58934020996094,41728900,GOOGL
2025-01-28,192.75,195.47999572753906,190.67999267578125,195.3000030517578,195.07533264160156,24157900,GOOGL
2025-01-29,195.55999755859375,196.7899932861328,193.42999267578125,195.41000366210938,195.18521118164062,18218300,GOOGL
2025-01-30,198.0,201.39999389648438,197.6699981689453,200.8699951171875,200.638916015625,24354700,GOOGL
2025-01-31,202.0,205.47999572753906,201.8000030517578,204.02000427246094,203.78530883789062,32042000,GOOGL
2025-02-03,200.69000244140625,203.75,200.10000610351562,201.22999572753906,200.99850463867188,27838300,GOOGL
2025-02-04,203.38999938964844,207.0500030517578,202.80999755859375,206.3800048828125,206.14259338378906,43856400,GOOGL
2025-02-05,191.07000732421875,192.75,188.02999877929688,191.3300018310547,191.1099090576172,70373900,GOOGL
2025-02-06,189.5,192.10000610351562,188.72000122070312,191.60000610351562,191.3795928955078,29297400,GOOGL
2025-02-07,191.0500030517578,191.17999267578125,183.24000549316406,185.33999633789062,185.1267852783203,49315000,GOOGL
2025-02-10,187.35000610351562,188.1999969482422,185.86000061035156,186.47000122070312,186.2554931640625,23105600,GOOGL
2025-02-11,185.02999877929688,186.94000244140625,184.27999877929688,185.32000732421875,185.10682678222656,21239500,GOOGL
2025-02-12,183.22000122070312,185.11000061035156,181.8300018310547,183.61000061035156,183.39878845214844,22072600,GOOGL
2025-02-13,184.32000732421875,186.27999877929688,183.13999938964844,186.13999938964844,185.92587280273438,21402500,GOOGL
2025-02-14,185.05999755859375,186.39999389648438,184.32000732421875,185.22999572753906,185.01690673828125,20448400,GOOGL
2025-02-18,185.60000610351562,185.9600067138672,181.74000549316406,183.77000427246094,183.55859375,29916700,GOOGL
2025-02-19,184.07000732421875,185.4600067138672,183.58999633789062,185.27000427246094,185.05686950683594,19549400,GOOGL
2025-02-20,184.8000030517578,185.30999755859375,182.72000122070312,184.55999755859375,184.34768676757812,20441500,GOOGL
2025-02-21,185.14999389648438,185.33999633789062,179.0800018310547,179.66000366210938,179.4533233642578,35199200,GOOGL
2025-02-24,181.99000549316406,183.1199951171875,178.88999938964844,179.25,179.04379272460938,29854200,GOOGL
2025-02-25,178.0399932861328,178.74000549316406,174.69000244140625,175.4199981689453,175.21820068359375,41913400,GOOGL
2025-02-26,175.07000732421875,176.0800018310547,171.5800018310547,172.72999572753906,172.5312957763672,35431300,GOOGL
2025-02-27,173.99000549316406,174.55999755859375,167.94000244140625,168.5,168.30616760253906,39991000,GOOGL
2025-02-28,168.67999267578125,170.61000061035156,166.77000427246094,170.27999877929688,170.0841064453125,48130600,GOOGL
2025-03-03,171.92999267578125,173.3699951171875,165.92999267578125,167.00999450683594,166.81787109375,40770500,GOOGL
2025-03-04,166.24000549316406,173.2899932861328,165.8000030517578,170.9199981689453,170.72337341308594,45388000,GOOGL
2025-03-05,170.52000427246094,173.77999877929688,169.05999755859375,173.02000427246094,172.8209686279297,30954900,GOOGL
2025-03-06,170.52999877929688,174.80999755859375,170.5,172.35000610351562,172.1517333984375,28302000,GOOGL
2025-03-07,171.25999450683594,174.97000122070312,170.27000427246094,173.86000061035156,173.66000366210938,27385800,GOOGL
2025-03-10,168.25999450683594,168.4600067138672,163.69000244140625,165.8699951171875,165.8699951171875,43604000,GOOGL
2025-03-11,164.91000366210938,166.75,161.3699951171875,164.0399932861328,164.0399932861328,39587400,GOOGL
2025-03-12,166.5800018310547,167.63999938964844,163.52999877929688,167.11000061035156,167.11000061035156,28372400,GOOGL
2025-03-13,166.0399932861328,166.1300048828125,162.11000061035156,162.75999450683594,162.75999450683594,31756200,GOOGL
2025-03-14,163.27000427246094,166.49000549316406,162.4499969482422,165.49000549316406,165.49000549316406,31995900,GOOGL
2025-03-17,165.02999877929688,166.3000030517578,163.6699981689453,164.2899932861328,164.2899932861328,31184300,GOOGL
2025-03-18,163.67999267578125,164.25,156.72000122070312,160.6699981689453,160.6699981689453,42074800,GOOGL
2025-03-19,161.75999450683594,165.8699951171875,161.0,163.88999938964844,163.88999938964844,34275600,GOOGL
2025-03-20,161.57000732421875,164.88999938964844,160.9600067138672,162.8000030517578,162.8000030517578,28138500,GOOGL
2025-03-21,161.2100067138672,164.24000549316406,160.88999938964844,163.99000549316406,163.99000549316406,36625800,GOOGL
2025-03-24,167.07000732421875,168.32000732421875,165.13999938964844,167.67999267578125,167.67999267578125,30879100,GOOGL
2025-03-25,168.97999572753906,170.6300048828125,168.32000732421875,170.55999755859375,170.55999755859375,24174400,GOOGL
2025-03-26,169.0,169.61000061035156,164.83999633789062,165.05999755859375,165.05999755859375,28901600,GOOGL
2025-03-27,164.6300048828125,165.4199981689453,162.0,162.24000549316406,162.24000549316406,24508300,GOOGL
2025-03-28,160.49000549316406,161.82000732421875,153.6300048828125,154.3300018310547,154.3300018310547,48669300,GOOGL
2025-03-31,153.11000061035156,155.5399932861328,150.66000366210938,154.63999938964844,154.63999938964844,54603500,GOOGL
2025-04-01,153.6199951171875,158.10000610351562,153.6199951171875,157.07000732421875,157.07000732421875,30672900,GOOGL
2025-04-02,155.14999389648438,158.41000366210938,154.6999969482422,157.0399932861328,157.0399932861328,25041700,GOOGL
2025-04-03,151.11000061035156,152.77999877929688,150.38999938964844,150.72000122070312,150.72000122070312,46883400,GOOGL
2025-04-04,148.00999450683594,151.07000732421875,145.3800048828125,145.60000610351562,145.60000610351562,62259500,GOOGL
2025-04-07,141.5500030517578,152.85000610351562,140.52999877929688,146.75,146.75,76794100,GOOGL
2025-04-08,151.22000122070312,152.24000549316406,143.02999877929688,144.6999969482422,144.6999969482422,52200200,GOOGL
2025-04-09,144.4199981689453,159.5500030517578,143.91000366210938,158.7100067138672,158.7100067138672,70406200,GOOGL
2025-04-10,156.5399932861328,157.72000122070312,149.92999267578125,152.82000732421875,152.82000732421875,48022000,GOOGL
2025-04-11,152.89999389648438,157.6699981689453,152.82000732421875,157.13999938964844,157.13999938964844,33636200,GOOGL
2025-04-14,160.0,161.72000122070312,157.55999755859375,159.07000732421875,159.07000732421875,30333000,GOOGL
2025-04-15,159.1300048828125,159.64999389648438,155.2100067138672,156.30999755859375,156.30999755859375,27551500,GOOGL
2025-04-16,153.10000610351562,155.88999938964844,151.50999450683594,153.3300018310547,153.3300018310547,28187400,GOOGL
2025-04-17,154.2899932861328,154.67999267578125,148.5,151.16000366210938,151.16000366210938,32938500,GOOGL
2025-04-21,148.8800048828125,148.9499969482422,146.10000610351562,147.6699981689453,147.6699981689453,26049100,GOOGL
2025-04-22,148.88999938964844,152.19000244140625,148.5399932861328,151.47000122070312,151.47000122070312,26971800,GOOGL
2025-04-23,155.61000061035156,157.52999877929688,153.80999755859375,155.35000610351562,155.35000610351562,31128800,GOOGL
2025-04-24,156.14999389648438,159.58999633789062,155.7899932861328,159.27999877929688,159.27999877929688,45894000,GOOGL
2024-11-01,567.6099853515625,573.6699829101562,562.5599975585938,567.1599731445312,566.1991577148438,15303200,META
2024-11-04,564.0999755859375,568.6900024414062,557.8900146484375,560.6799926757812,559.7301025390625,12064600,META
2024-11-05,567.2999877929688,573.47998046875,566.6699829101562,572.4299926757812,571.460205078125,9775400,META
2024-11-06,562.75,573.0,555.1699829101562,572.0499877929688,571.0808715820312,18305400,META
2024-11-07,576.8900146484375,594.7999877929688,575.2100219726562,591.7000122070312,590.6976318359375,14653700,META
2024-11-08,591.5399780273438,593.0999755859375,584.52001953125,589.3400268554688,588.3416137695312,9415700,META
2024-11-11,586.3599853515625,587.0,576.510009765625,583.1699829101562,582.1820068359375,10209100,META
2024-11-12,588.5399780273438,599.6599731445312,580.3800048828125,584.8200073242188,583.8292236328125,16287700,META
2024-11-13,582.6099853515625,585.6400146484375,575.1699829101562,580.0,579.0173950195312,10757600,META
2024-11-14,577.0,580.760009765625,573.010009765625,577.1599731445312,576.1821899414062,11053700,META
2024-11-15,571.219970703125,572.5700073242188,551.5,554.0800170898438,553.1412963867188,17712900,META
2024-11-18,557.0399780273438,559.9000244140625,550.0900268554688,554.4000244140625,553.4608154296875,14346700,META
2024-11-19,551.8599853515625,561.4299926757812,550.5999755859375,561.0900268554688,560.1394653320312,9522400,META
2024-11-20,562.9299926757812,566.3499755859375,554.2000122070312,565.52001953125,564.5619506835938,9797300,META
2024-11-21,569.52001953125,570.0,549.0499877929688,563.0900268554688,562.1360473632812,11154700,META
2024-11-22,563.5499877929688,563.8300170898438,554.5900268554688,559.1400146484375,558.1928100585938,9164000,META
2024-11-25,562.0999755859375,572.5900268554688,556.3900146484375,565.1099853515625,564.1526489257812,13599800,META
2024-11-26,566.0,577.5,565.2000122070312,573.5399780273438,572.5682983398438,10356600,META
2024-11-27,574.8900146484375,574.97998046875,564.0999755859375,569.2000122070312,568.2357177734375,7200200,META
2024-11-29,569.0,578.4600219726562,566.9000244140625,574.3200073242188,573.3470458984375,7130500,META
2024-12-02,577.5,594.5,575.5700073242188,592.8300170898438,591.82568359375,12522400,META
2024-12-03,595.0,614.2000122070312,591.25,613.6500244140625,612.6104125976562,14907200,META
2024-12-04,612.9600219726562,617.780029296875,605.0999755859375,613.780029296875,612.7401733398438,14697000,META
2024-12-05,617.0800170898438,619.9000244140625,607.0499877929688,608.9299926757812,607.8983764648438,8081200,META
2024-12-06,610.0999755859375,629.7899780273438,608.530029296875,623.77001953125,622.7132568359375,16935500,META
2024-12-09,623.9199829101562,626.4000244140625,606.1699829101562,613.5700073242188,612.530517578125,11426000,META
2024-12-10,617.5599975585938,625.5900268554688,612.739990234375,619.3200073242188,618.2708129882812,10938900,META
2024-12-11,623.3699951171875,638.4000244140625,621.530029296875,632.6799926757812,631.6080932617188,10837200,META
2024-12-12,631.5,636.6599731445312,627.2100219726562,630.7899780273438,629.7213134765625,7474700,META
2024-12-13,627.219970703125,631.0800170898438,616.8900146484375,620.3499755859375,619.2990112304688,8453300,META
2024-12-16,629.97998046875,631.1500244140625,618.5800170898438,624.239990234375,623.6851196289062,10885600,META
2024-12-17,626.1699829101562,632.3699951171875,616.5399780273438,619.4400024414062,618.889404296875,12897800,META
2024-12-18,621.0,627.3599853515625,596.3200073242188,597.1900024414062,596.6591796875,17075500,META
2024-12-19,610.3900146484375,611.52001953125,595.0,595.5700073242188,595.0405883789062,14958100,META
2024-12-20,590.5800170898438,603.1099853515625,580.0,585.25,584.7297973632812,48989400,META
2024-12-23,589.5999755859375,601.0900268554688,586.25,599.8499755859375,599.3167724609375,10205800,META
2024-12-24,602.719970703125,607.989990234375,599.280029296875,607.75,607.2097778320312,4726100,META
2024-12-26,605.47998046875,606.2999877929688,598.9400024414062,603.3499755859375,602.8136596679688,6081400,META
2024-12-27,599.4099731445312,601.8499755859375,589.7999877929688,599.8099975585938,599.27685546875,8084200,META
2024-12-30,588.75,596.9400024414062,585.5800170898438,591.239990234375,590.7144165039062,7025900,META
2024-12-31,592.27001953125,593.969970703125,583.8499755859375,585.510009765625,584.9895629882812,6019500,META
2025-01-02,589.719970703125,604.9099731445312,587.8200073242188,599.239990234375,598.7073364257812,12682300,META
2025-01-03,604.760009765625,609.5,596.4099731445312,604.6300048828125,604.092529296875,11436800,META
2025-01-06,611.8300170898438,630.989990234375,605.6199951171875,630.2000122070312,629.6398315429688,14560800,META
2025-01-07,631.7000122070312,632.0999755859375,608.22998046875,617.8900146484375,617.3407592773438,12071500,META
2025-01-08,613.4000244140625,616.4400024414062,602.7899780273438,610.719970703125,610.1771240234375,10085800,META
2025-01-10,610.030029296875,629.9099731445312,597.3400268554688,615.8599853515625,615.3125610351562,19256600,META
2025-01-13,607.0999755859375,608.969970703125,598.4500122070312,608.3300170898438,607.789306640625,10785000,META
2025-01-14,605.0700073242188,605.489990234375,588.5499877929688,594.25,593.7218017578125,13598000,META
2025-01-15,610.2100219726562,622.4600219726562,606.5,617.1199951171875,616.5714721679688,15524300,META
2025-01-16,611.5,616.25,609.7100219726562,611.2999877929688,610.756591796875,8355300,META
2025-01-17,624.0499877929688,624.969970703125,603.6699829101562,612.77001953125,612.225341796875,17280600,META
2025-01-21,617.8300170898438,621.5,609.010009765625,616.4600219726562,615.9120483398438,11674000,META
2025-01-22,623.2999877929688,633.7000122070312,619.4299926757812,623.5,622.94580078125,12274000,META
2025-01-23,627.3599853515625,636.5999755859375,621.1500244140625,636.4500122070312,635.88427734375,9910200,META
2025-01-24,636.4000244140625,652.0,634.2000122070312,647.489990234375,646.9144287109375,19065300,META
2025-01-27,626.6099853515625,663.8699951171875,625.0999755859375,659.8800048828125,659.29345703125,28399200,META
2025-01-28,666.0,682.5800170898438,659.469970703125,674.3300170898438,673.7305908203125,20950100,META
2025-01-29,675.0,681.0499877929688,665.6699829101562,676.489990234375,675.888671875,21377800,META
2025-01-30,696.8200073242188,710.7899780273438,676.0999755859375,687.0,686.3893432617188,29322900,META
2025-01-31,691.0,705.2999877929688,685.5800170898438,689.1799926757812,688.5673828125,19331700,META
2025-02-03,675.9099731445312,704.0,675.25,697.4600219726562,696.840087890625,21415700,META
2025-02-04,702.5,707.7100219726562,691.6099853515625,704.1900024414062,703.5640869140625,13826300,META
2025-02-05,703.5499877929688,718.1400146484375,699.010009765625,704.8699951171875,704.2434692382812,17778200,META
2025-02-06,705.8800048828125,718.9000244140625,703.5,711.989990234375,711.3571166992188,13080700,META
2025-02-07,716.7999877929688,725.010009765625,711.75,714.52001953125,713.8848876953125,16427100,META
2025-02-10,718.5599975585938,721.2000122070312,711.3300170898438,717.4000244140625,716.7623291015625,12904300,META
2025-02-11,713.3200073242188,723.6599731445312,710.0399780273438,719.7999877929688,719.16015625,12998000,META
2025-02-12,715.2999877929688,727.0999755859375,712.5999755859375,725.3800048828125,724.7352294921875,12016500,META
2025-02-13,721.52001953125,729.0,718.0399780273438,728.5599975585938,727.9124145507812,12569100,META
2025-02-14,726.1400146484375,740.9099731445312,725.6199951171875,736.6699829101562,736.0151977539062,16901200,META
2025-02-18,736.0,737.0,706.4400024414062,716.3699951171875,715.7332153320312,21938700,META
2025-02-19,704.0999755859375,707.0,695.3900146484375,703.77001953125,703.1444702148438,17535500,META
2025-02-20,697.280029296875,705.6300048828125,693.6400146484375,694.8400268554688,694.222412109375,12587400,META
2025-02-21,696.5800170898438,703.8699951171875,682.3599853515625,683.5499877929688,682.9423828125,15660400,META
2025-02-24,686.280029296875,687.27001953125,662.4500122070312,668.1300048828125,667.5361328125,15677000,META
2025-02-25,665.969970703125,668.0,641.8599853515625,657.5,656.9155883789062,20579700,META
2025-02-26,659.6500244140625,683.010009765625,658.0,673.7000122070312,673.1011962890625,14488700,META
2025-02-27,682.4500122070312,688.6500244140625,657.5700073242188,658.239990234375,657.6549072265625,12500000,META
2025-02-28,658.0399780273438,669.6300048828125,642.5999755859375,668.2000122070312,667.6060791015625,17534200,META
2025-03-03,673.6799926757812,681.25,650.8400268554688,655.0499877929688,654.4677124023438,10843800,META
2025-03-04,645.510009765625,649.75,623.6500244140625,640.0,639.4310913085938,21495200,META
2025-03-05,641.0,659.5,637.6599731445312,656.469970703125,655.886474609375,13770000,META
2025-03-06,648.0,650.5599975585938,624.1099853515625,627.9299926757812,627.371826171875,13446500,META
2025-03-07,625.3699951171875,634.7899780273438,600.6099853515625,625.6599731445312,625.1038208007812,21375700,META
2025-03-10,608.0700073242188,610.1099853515625,586.8699951171875,597.989990234375,597.4584350585938,21999900,META
2025-03-11,595.0499877929688,614.9299926757812,593.3300170898438,605.7100219726562,605.171630859375,17401500,META
2025-03-12,629.9000244140625,633.3300170898438,609.3499755859375,619.5599975585938,619.00927734375,15747000,META
2025-03-13,620.25,620.5,586.510009765625,590.6400146484375,590.114990234375,16480300,META
2025-03-14,602.7999877929688,608.8599853515625,594.780029296875,607.5999755859375,607.5999755859375,12364500,META
2025-03-17,607.4600219726562,613.0999755859375,598.0,604.9000244140625,604.9000244140625,15473900,META
2025-03-18,600.0499877929688,600.25,574.6599731445312,582.3599853515625,582.3599853515625,20297700,META
2025-03-19,584.280029296875,592.3200073242188,574.77001953125,584.0599975585938,584.0599975585938,20537500,META
2025-03-20,582.760009765625,610.2000122070312,579.510009765625,586.0,586.0,24336500,META
2025-03-21,583.4199829101562,597.5399780273438,580.9500122070312,596.25,596.25,25015900,META
2025-03-24,614.969970703125,622.5399780273438,612.2000122070312,618.8499755859375,618.8499755859375,15741300,META
2025-03-25,626.760009765625,633.8800048828125,621.1799926757812,626.3099975585938,626.3099975585938,15312500,META
2025-03-26,624.8900146484375,626.75,606.6099853515625,610.97998046875,610.97998046875,12609800,META
2025-03-27,602.0,614.25,600.0999755859375,602.5800170898438,602.5800170898438,10436500,META
2025-03-28,600.3099975585938,601.75,573.9199829101562,576.739990234375,576.739990234375,17602800,META
2025-03-31,563.5,578.7000122070312,553.2999877929688,576.3599853515625,576.3599853515625,21124700,META
2025-04-01,570.8400268554688,589.9099731445312,570.0,586.0,586.0,12836600,META
2025-04-02,574.9099731445312,592.6599731445312,573.3599853515625,583.9299926757812,583.9299926757812,13470800,META
2025-04-03,546.219970703125,552.5599975585938,530.2999877929688,531.6199951171875,531.6199951171875,34777500,META
2025-04-04,506.6199951171875,518.0,494.20001220703125,504.7300109863281,504.7300109863281,38589800,META
2025-04-07,485.1000061035156,539.3699951171875,481.8999938964844,516.25,516.25,36606100,META
2025-04-08,543.25,547.4299926757812,502.8599853515625,510.45001220703125,510.45001220703125,28034200,META
2025-04-09,509.2699890136719,587.8900146484375,502.1099853515625,585.77001953125,585.77001953125,39216600,META
2025-04-10,575.489990234375,581.2999877929688,535.2999877929688,546.2899780273438,546.2899780273438,28173500,META
2025-04-11,535.510009765625,547.4000244140625,528.5900268554688,543.5700073242188,543.5700073242188,17642300,META
2025-04-14,556.1699829101562,557.77001953125,528.280029296875,531.47998046875,531.47998046875,14130900,META
2025-04-15,532.1099853515625,537.9400024414062,517.5,521.52001953125,521.52001953125,15558700,META
2025-04-16,508.510009765625,513.3699951171875,495.6300048828125,502.30999755859375,502.30999755859375,18735100,META
2025-04-17,505.25,507.29998779296875,498.010009765625,501.4800109863281,501.4800109863281,14593500,META
2025-04-21,491.3299865722656,493.5,479.79998779296875,484.6600036621094,484.6600036621094,16166000,META
2025-04-22,491.8699951171875,506.8800048828125,486.3599853515625,500.2799987792969,500.2799987792969,17399400,META
2025-04-23,528.530029296875,535.3400268554688,516.52001953125,520.27001953125,520.27001953125,18173900,META
2025-04-24,518.72998046875,533.9000244140625,517.5,533.1500244140625,533.1500244140625,13910000,META
2024-11-01,753.47998046875,763.7999877929688,747.77001953125,756.0999755859375,756.0999755859375,2996800,NFLX
2024-11-04,753.1400146484375,762.47998046875,749.6900024414062,755.510009765625,755.510009765625,1902200,NFLX
2024-11-05,757.3499755859375,767.530029296875,756.27001953125,763.9099731445312,763.9099731445312,2200600,NFLX
2024-11-06,771.5,781.489990234375,757.3800048828125,780.2100219726562,780.2100219726562,3690800,NFLX
2024-11-07,781.3699951171875,798.219970703125,779.9400024414062,796.5399780273438,796.5399780273438,3295100,NFLX
2024-11-08,797.3599853515625,799.0599975585938,788.6500244140625,795.0399780273438,795.0399780273438,1910600,NFLX
2024-11-11,795.9000244140625,806.8200073242188,795.5700073242188,805.4400024414062,805.4400024414062,2399200,NFLX
2024-11-12,807.5,820.3699951171875,803.75,819.5,819.5,2814100,NFLX
2024-11-13,822.6199951171875,836.989990234375,820.5399780273438,830.469970703125,830.469970703125,2767800,NFLX
2024-11-14,833.6699829101562,841.0,830.02001953125,837.260009765625,837.260009765625,3038200,NFLX
2024-11-15,832.0399780273438,832.0399780273438,816.489990234375,823.9600219726562,823.9600219726562,3673700,NFLX
2024-11-18,815.5,848.4500122070312,809.3300170898438,847.0499877929688,847.0499877929688,4084100,NFLX
2024-11-19,839.75,874.489990234375,839.1599731445312,871.3200073242188,871.3200073242188,3814200,NFLX
2024-11-20,879.97998046875,890.5999755859375,868.4000244140625,883.8499755859375,883.8499755859375,4093800,NFLX
2024-11-21,883.9299926757812,908.0,877.239990234375,897.47998046875,897.47998046875,4511300,NFLX
2024-11-22,896.0,906.0,893.0,897.7899780273438,897.7899780273438,3214000,NFLX
2024-11-25,902.0499877929688,902.0499877929688,864.219970703125,865.5900268554688,865.5900268554688,6014200,NFLX
2024-11-26,867.489990234375,886.3599853515625,867.25,872.5999755859375,872.5999755859375,3138300,NFLX
2024-11-27,872.0599975585938,880.9500122070312,858.9099731445312,877.3400268554688,877.3400268554688,2578200,NFLX
2024-11-29,882.1699829101562,892.4099731445312,876.6799926757812,886.8099975585938,886.8099975585938,2027200,NFLX
2024-12-02,887.510009765625,902.3400268554688,884.1199951171875,897.739990234375,897.739990234375,2389000,NFLX
2024-12-03,894.3599853515625,902.6900024414062,888.030029296875,902.1699829101562,902.1699829101562,2401600,NFLX
2024-12-04,898.0499877929688,915.969970703125,898.0499877929688,911.0599975585938,911.0599975585938,2689600,NFLX
2024-12-05,917.8499755859375,927.0,911.1099853515625,917.8699951171875,917.8699951171875,2835300,NFLX
2024-12-06,915.22998046875,935.27001953125,912.7100219726562,934.739990234375,934.739990234375,2955400,NFLX
2024-12-09,928.0,930.2999877929688,902.5900268554688,913.6900024414062,913.6900024414062,3350100,NFLX
2024-12-10,913.760009765625,922.8800048828125,909.5800170898438,913.3499755859375,913.3499755859375,2388600,NFLX
2024-12-11,924.7100219726562,941.75,923.0800170898438,936.5599975585938,936.5599975585938,3501700,NFLX
2024-12-12,933.3499755859375,934.0900268554688,922.5999755859375,925.5499877929688,925.5499877929688,2486200,NFLX
2024-12-13,916.8099975585938,925.5499877929688,909.6099853515625,918.8699951171875,918.8699951171875,2485800,NFLX
2024-12-16,923.9400024414062,928.9400024414062,919.5,921.0800170898438,921.0800170898438,2674900,NFLX
2024-12-17,921.5399780273438,928.4500122070312,916.4199829101562,919.1300048828125,919.1300048828125,2459500,NFLX
2024-12-18,919.1300048828125,922.4400024414062,886.5599975585938,889.5499877929688,889.5499877929688,2938200,NFLX
2024-12-19,908.1799926757812,912.6199951171875,899.0,902.0399780273438,902.0399780273438,2815500,NFLX
2024-12-20,893.2100219726562,919.9199829101562,890.489990234375,909.0499877929688,909.0499877929688,4530500,NFLX
2024-12-23,913.4199829101562,915.0,899.0999755859375,911.4500122070312,911.4500122070312,2339400,NFLX
2024-12-24,915.0,935.8499755859375,911.7000122070312,932.1199951171875,932.1199951171875,2320300,NFLX
2024-12-26,928.4000244140625,930.489990234375,915.2999877929688,924.1400146484375,924.1400146484375,2340300,NFLX
2024-12-27,916.010009765625,918.1300048828125,894.5,907.5499877929688,907.5499877929688,3226200,NFLX
2024-12-30,894.510009765625,908.22998046875,889.7100219726562,900.4299926757812,900.4299926757812,2203000,NFLX
2024-12-31,901.7999877929688,902.6799926757812,889.469970703125,891.3200073242188,891.3200073242188,1875900,NFLX
2025-01-02,895.5,898.5800170898438,877.0,886.72998046875,886.72998046875,2312300,NFLX
2025-01-03,893.1300048828125,898.8300170898438,879.8900146484375,881.0499877929688,881.0499877929688,2967300,NFLX
2025-01-06,888.760009765625,892.8300170898438,871.6900024414062,881.7899780273438,881.7899780273438,3457700,NFLX
2025-01-07,879.3800048828125,888.0,869.1099853515625,879.1900024414062,879.1900024414062,2649800,NFLX
2025-01-08,880.0,886.219970703125,873.0,875.0,875.0,2347900,NFLX
2025-01-10,866.4000244140625,866.4099731445312,834.4000244140625,837.6900024414062,837.6900024414062,4803300,NFLX
2025-01-13,831.530029296875,847.0700073242188,829.1400146484375,840.2899780273438,840.2899780273438,3024500,NFLX
2025-01-14,843.2000122070312,844.8900146484375,823.52001953125,828.4000244140625,828.4000244140625,3037700,NFLX
2025-01-15,836.4400024414062,850.8400268554688,830.4099731445312,848.260009765625,848.260009765625,3181400,NFLX
2025-01-16,860.9600219726562,868.97998046875,842.02001953125,842.3699951171875,842.3699951171875,4028500,NFLX
2025-01-17,859.7899780273438,865.0,852.1300048828125,858.0999755859375,858.0999755859375,3617600,NFLX
2025-01-21,863.530029296875,916.4000244140625,854.75,869.6799926757812,869.6799926757812,9851400,NFLX
2025-01-22,998.030029296875,999.0,950.760009765625,953.989990234375,953.989990234375,14273200,NFLX
2025-01-23,957.8099975585938,985.0,953.9000244140625,984.8599853515625,984.8599853515625,7752100,NFLX
2025-01-24,984.4099731445312,986.280029296875,967.6799926757812,977.5900268554688,977.5900268554688,4550400,NFLX
2025-01-27,971.0999755859375,982.27001953125,960.260009765625,971.8900146484375,971.8900146484375,4634200,NFLX
2025-01-28,966.7100219726562,977.9299926757812,957.2999877929688,971.8300170898438,971.8300170898438,3434000,NFLX
2025-01-29,980.0,987.6400146484375,968.22998046875,978.1500244140625,978.1500244140625,2930700,NFLX
2025-01-30,986.75,994.5900268554688,970.010009765625,973.239990234375,973.239990234375,3867800,NFLX
2025-01-31,974.0,990.2899780273438,974.0,976.760009765625,976.760009765625,3618700,NFLX
2025-02-03,973.0,987.6900024414062,964.3800048828125,978.9400024414062,978.9400024414062,3724200,NFLX
2025-02-04,980.469970703125,1008.0,978.510009765625,994.8699951171875,994.8699951171875,6000100,NFLX
2025-02-05,987.72998046875,1011.8300170898438,986.6799926757812,1011.1099853515625,1011.1099853515625,3993400,NFLX
2025-02-06,1007.8699951171875,1016.3499755859375,1002.6099853515625,1015.6799926757812,1015.6799926757812,3134300,NFLX
2025-02-07,1017.0,1027.760009765625,1005.6699829101562,1013.9299926757812,1013.9299926757812,3212900,NFLX
2025-02-10,1023.0499877929688,1032.8499755859375,1015.8800048828125,1027.5999755859375,1027.5999755859375,3296600,NFLX
2025-02-11,1020.7899780273438,1022.6900024414062,1002.9500122070312,1008.0800170898438,1008.0800170898438,3331800,NFLX
2025-02-12,1005.489990234375,1027.739990234375,998.3499755859375,1027.31005859375,1027.31005859375,3389000,NFLX
2025-02-13,1026.6300048828125,1045.989990234375,1025.0999755859375,1043.68994140625,1043.68994140625,3476100,NFLX
2025-02-14,1044.949951171875,1064.5,1041.68994140625,1058.5999755859375,1058.5999755859375,3145400,NFLX
2025-02-18,1060.0,1062.0,1023.75,1035.8499755859375,1035.8499755859375,4229300,NFLX
2025-02-19,1035.1800537109375,1045.0,1024.510009765625,1043.3299560546875,1043.3299560546875,2600000,NFLX
2025-02-20,1042.0,1045.0,1015.5900268554688,1024.5400390625,1024.5400390625,3111800,NFLX
2025-02-21,1029.4200439453125,1032.3800048828125,999.3900146484375,1003.1500244140625,1003.1500244140625,3738700,NFLX
2025-02-24,1008.0,1015.1699829101562,984.47998046875,988.469970703125,988.469970703125,4426200,NFLX
2025-02-25,989.4000244140625,994.4000244140625,955.0,977.239990234375,977.239990234375,4738300,NFLX
2025-02-26,977.5999755859375,1000.8900146484375,976.9000244140625,990.0599975585938,990.0599975585938,3397200,NFLX
2025-02-27,995.0,1000.72998046875,961.8300170898438,963.0700073242188,963.0700073242188,3766600,NFLX
2025-02-28,969.5599975585938,982.27001953125,958.1699829101562,980.5599975585938,980.5599975585938,4717400,NFLX
2025-03-03,983.0,994.9299926757812,964.8099975585938,973.7000122070312,973.7000122070312,3907400,NFLX
2025-03-04,971.6099853515625,986.3099975585938,948.2100219726562,972.5800170898438,972.5800170898438,4392800,NFLX
2025-03-05,973.6199951171875,995.5999755859375,969.47998046875,990.9199829101562,990.9199829101562,3807900,NFLX
2025-03-06,972.989990234375,973.6900024414062,899.0,906.3599853515625,906.3599853515625,7852600,NFLX
2025-03-07,897.6400146484375,904.8900146484375,858.0700073242188,891.1099853515625,891.1099853515625,7737500,NFLX
2025-03-10,875.0700073242188,881.27001953125,854.5,866.6799926757812,866.6799926757812,6995300,NFLX
2025-03-11,867.4099731445312,910.6799926757812,866.0,895.0999755859375,895.0999755859375,7398900,NFLX
2025-03-12,914.5999755859375,927.1799926757812,901.0,919.6799926757812,919.6799926757812,6865800,NFLX
2025-03-13,913.0,921.8900146484375,887.510009765625,890.1699829101562,890.1699829101562,5001700,NFLX
2025-03-14,901.4600219726562,919.6300048828125,901.0,918.0,918.0,5200700,NFLX
2025-03-17,939.9500122070312,967.6300048828125,934.4199829101562,950.02001953125,950.02001953125,7543100,NFLX
2025-03-18,940.0,948.25,916.2999877929688,929.97998046875,929.97998046875,6009400,NFLX
2025-03-19,935.77001953125,968.0,924.0,959.489990234375,959.489990234375,6662400,NFLX
2025-03-20,950.010009765625,967.0,945.5,950.8400268554688,950.8400268554688,4466300,NFLX
2025-03-21,941.6400146484375,963.6500244140625,940.9500122070312,960.2899780273438,960.2899780273438,5905400,NFLX
2025-03-24,969.6699829101562,977.0,951.5499877929688,971.989990234375,971.989990234375,4677900,NFLX
2025-03-25,978.1799926757812,998.7000122070312,977.1099853515625,997.280029296875,997.280029296875,3782200,NFLX
2025-03-26,993.8099975585938,996.7899780273438,966.3200073242188,970.6500244140625,970.6500244140625,3527400,NFLX
2025-03-27,974.219970703125,989.0,966.3699951171875,976.719970703125,976.719970703125,3047200,NFLX
2025-03-28,972.0,974.97998046875,929.22998046875,933.8499755859375,933.8499755859375,4422700,NFLX
2025-03-31,920.530029296875,934.47998046875,900.5900268554688,932.530029296875,932.530029296875,4634100,NFLX
2025-04-01,927.5,932.2899780273438,911.5,928.3800048828125,928.3800048828125,3520000,NFLX
2025-04-02,923.0,949.5499877929688,916.1099853515625,935.52001953125,935.52001953125,3256900,NFLX
2025-04-03,901.7999877929688,946.5900268554688,900.469970703125,917.0499877929688,917.0499877929688,5864600,NFLX
2025-04-04,896.5,906.6300048828125,853.8699951171875,855.8599853515625,855.8599853515625,6798800,NFLX
2025-04-07,827.8499755859375,906.739990234375,821.0999755859375,867.8300170898438,867.8300170898438,6656800,NFLX
2025-04-08,912.4400024414062,922.4199829101562,857.7000122070312,870.4000244140625,870.4000244140625,5625400,NFLX
2025-04-09,855.9299926757812,951.4299926757812,854.4000244140625,945.469970703125,945.469970703125,7498000,NFLX
2025-04-10,931.9400024414062,941.239990234375,894.0,921.1699829101562,921.1699829101562,5129800,NFLX
2025-04-11,920.0,944.8599853515625,906.6799926757812,918.2899780273438,918.2899780273438,4073600,NFLX
2025-04-14,932.7000122070312,948.97998046875,919.5,931.280029296875,931.280029296875,4035900,NFLX
2025-04-15,950.0,993.4500122070312,948.0,976.280029296875,976.280029296875,7712000,NFLX
2025-04-16,976.280029296875,981.2100219726562,949.1699829101562,961.6300048828125,961.6300048828125,6066100,NFLX
2025-04-17,969.0,984.7000122070312,956.0,973.030029296875,973.030029296875,8763200,NFLX
2025-04-21,984.4000244140625,1019.0,973.0499877929688,987.9099731445312,987.9099731445312,9775700,NFLX
2025-04-22,1005.2999877929688,1064.969970703125,1004.52001953125,1040.3399658203125,1040.3399658203125,9368900,NFLX
2025-04-23,1047.219970703125,1061.25,1032.0,1049.5899658203125,1049.5899658203125,6471900,NFLX
2025-04-24,1048.0,1101.0,1047.02001953125,1096.8699951171875,1096.8699951171875,6381900,NFLX
